Workbook

Sheet ورود کارها
B2: ثبت کارهای پرسنل
B4: ردیف | C4: نام پرسنل | D4: عنوان کار | E4: دسته‌بندی | F4: اولویت | G4: تاریخ شروع | H4: ساعت شروع | I4: تاریخ پایان | J4: ساعت پایان | K4: مدت زمان (ساعت) | L4: وضعیت | M4: درصد پیشرفت | N4: توضیحات
B5: 1 | C5: علی محمدی | D5: توسعه API کاربران | E5: توسعه نرم‌افزار | F5: بالا | G5: 45823 | H5: 0.375 | I5: 45833 | J5: 0.70833333 | K5: =IF(OR(G5="",I5=""),"",IFERROR((I5+J5-G5-H5)*24,"")) | L5: در حال انجام | M5: 65 | N5: اتصال به دیتابیس و پیاده‌سازی CRUD
B6: 2 | C6: علی محمدی | D6: رفع باگ صفحه لاگین | E6: توسعه نرم‌افزار | F6: بالا | G6: 45828 | H6: 0.41666667 | I6: 45830 | J6: 0.58333333 | K6: =IF(OR(G6="",I6=""),"",IFERROR((I6+J6-G6-H6)*24,"")) | L6: تکمیل شده | M6: 100 | N6: باگ نمایش خطای 500 برطرف شد
B7: 3 | C7: زهرا احمدی | D7: طراحی داشبورد ادمین | E7: طراحی UI/UX | F7: بالا | G7: 45824 | H7: 0.375 | I7: 45836 | J7: 0.70833333 | K7: =IF(OR(G7="",I7=""),"",IFERROR((I7+J7-G7-H7)*24,"")) | L7: در حال انجام | M7: 50 | N7: طراحی وایرفریم و پروتوتایپ اولیه
B8: 4 | C8: زهرا احمدی | D8: طراحی صفحه محصول | E8: طراحی UI/UX | F8: متوسط | G8: 45818 | H8: 0.375 | I8: 45826 | J8: 0.70833333 | K8: =IF(OR(G8="",I8=""),"",IFERROR((I8+J8-G8-H8)*24,"")) | L8: تکمیل شده | M8: 100 | N8: طراحی ریسپانسیو برای موبایل و دسکتاپ
B9: 5 | C9: محمد رضایی | D9: کمپین تبلیغاتی تابستانه | E9: بازاریابی دیجیتال | F9: بالا | G9: 45826 | H9: 0.33333333 | I9: 45843 | J9: 0.83333333 | K9: =IF(OR(G9="",I9=""),"",IFERROR((I9+J9-G9-H9)*24,"")) | L9: در حال انجام | M9: 30 | N9: طراحی بنر و محتوای شبکه‌های اجتماعی
B10: 6 | C10: محمد رضایی | D10: بهینه‌سازی سئو سایت | E10: بازاریابی دیجیتال | F10: متوسط | G10: 45820 | H10: 0.375 | I10: 45828 | J10: 0.70833333 | K10: =IF(OR(G10="",I10=""),"",IFERROR((I10+J10-G10-H10)*24,"")) | L10: تکمیل شده | M10: 100 | N10: تحقیق کلمات کلیدی و بهینه‌سازی متاتگ‌ها
B11: 7 | C11: فاطمه حسینی | D11: پاسخگویی تیکت‌ها | E11: پشتیبانی مشتری | F11: متوسط | G11: 45829 | H11: 0.35416667 | I11: 45835 | J11: 0.6875 | K11: =IF(OR(G11="",I11=""),"",IFERROR((I11+J11-G11-H11)*24,"")) | L11: در حال انجام | M11: 70 | N11: باز کردن و پاسخ ۴۰ تیکت باز
B12: 8 | C12: فاطمه حسینی | D12: به‌روزرسانی مستندات | E12: پشتیبانی مشتری | F12: پایین | G12: 45827 | H12: 0.375 | I12: 45834 | J12: 0.70833333 | K12: =IF(OR(G12="",I12=""),"",IFERROR((I12+J12-G12-H12)*24,"")) | L12: در حال انجام | M12: 40 | N12: توضیحات FAQ و راهنمای استفاده
B13: 9 | C13: حسین کریمی | D13: برنامه‌ریزی اسپرینت هفته آینده | E13: مدیریت پروژه | F13: بالا | G13: 45830 | H13: 0.375 | I13: 45832 | J13: 0.5 | K13: =IF(OR(G13="",I13=""),"",IFERROR((I13+J13-G13-H13)*24,"")) | L13: تکمیل شده | M13: 100 | N13: تعریف تسک‌ها و اختصاص به تیم
B14: 10 | C14: حسین کریمی | D14: جلسه بررسی پروژه | E14: مدیریت پروژه | F14: متوسط | G14: 45833 | H14: 0.41666667 | I14: 45833 | J14: 0.5 | K14: =IF(OR(G14="",I14=""),"",IFERROR((I14+J14-G14-H14)*24,"")) | L14: شروع نشده | M14: 0 | N14: ارائه گزارش پیشرفت به مدیریت
B15: 11 | C15: مریم نوری | D15: تحلیل فروش ماهانه | E15: تحلیل داده | F15: بالا | G15: 45825 | H15: 0.375 | I15: 45832 | J15: 0.70833333 | K15: =IF(OR(G15="",I15=""),"",IFERROR((I15+J15-G15-H15)*24,"")) | L15: در حال انجام | M15: 85 | N15: تهیه گزارش تحلیل فروش خرداد ۱۴۰۴
B16: 12 | C16: مریم نوری | D16: داشبورد تحلیل عملکرد | E16: تحلیل داده | F16: متوسط | G16: 45828 | H16: 0.375 | I16: 45839 | J16: 0.70833333 | K16: =IF(OR(G16="",I16=""),"",IFERROR((I16+J16-G16-H16)*24,"")) | L16: در حال انجام | M16: 25 | N16: طراحی Power BI و اتصال منابع داده
... B19: 15 | C19: محمد رضایی | D19: ایمیل مارکتینگ | E19: بازاریابی دیجیتال | F19: متوسط | G19: 45834 | H19: 0.33333333 | I19: 45841 | J19: 0.83333333 | K19: =IF(OR(G19="",I19=""),"",IFERROR((I19+J19-G19-H19)*24,"")) | L19: شروع نشده | M19: 0 | N19: طراحی و ارسال خبرنامه هفتگی
B20: 16 | K20: =IF(OR(G20="",I20=""),"",IFERROR((I20+J20-G20-H20)*24,""))
B21: 17 | K21: =IF(OR(G21="",I21=""),"",IFERROR((I21+J21-G21-H21)*24,""))
B22: 18 | K22: =IF(OR(G22="",I22=""),"",IFERROR((I22+J22-G22-H22)*24,""))
B23: 19 | K23: =IF(OR(G23="",I23=""),"",IFERROR((I23+J23-G23-H23)*24,""))
B24: 20 | K24: =IF(OR(G24="",I24=""),"",IFERROR((I24+J24-G24-H24)*24,""))
B25: 21 | K25: =IF(OR(G25="",I25=""),"",IFERROR((I25+J25-G25-H25)*24,""))
B26: 22 | K26: =IF(OR(G26="",I26=""),"",IFERROR((I26+J26-G26-H26)*24,""))
B27: 23 | K27: =IF(OR(G27="",I27=""),"",IFERROR((I27+J27-G27-H27)*24,""))
B28: 24 | K28: =IF(OR(G28="",I28=""),"",IFERROR((I28+J28-G28-H28)*24,""))
B29: 25 | K29: =IF(OR(G29="",I29=""),"",IFERROR((I29+J29-G29-H29)*24,""))
B30: 26 | K30: =IF(OR(G30="",I30=""),"",IFERROR((I30+J30-G30-H30)*24,""))
B31: 27 | K31: =IF(OR(G31="",I31=""),"",IFERROR((I31+J31-G31-H31)*24,""))
... B54: 50 | K54: =IF(OR(G54="",I54=""),"",IFERROR((I54+J54-G54-H54)*24,""))

Sheet پرسنل
B2: لیست پرسنل
B4: ردیف | C4: نام و نام خانوادگی | D4: نقش
B5: 1 | C5: علی محمدی | D5: توسعه‌دهنده ارشد
B6: 2 | C6: زهرا احمدی | D6: طراح UI/UX
B7: 3 | C7: محمد رضایی | D7: متخصص بازاریابی
B8: 4 | C8: فاطمه حسینی | D8: کارشناس پشتیبانی
B9: 5 | C9: حسین کریمی | D9: مدیر پروژه
B10: 6 | C10: مریم نوری | D10: تحلیلگر داده

Sheet داشبورد
B2: داشبورد مدیریت کارها
B4: کل کارها | F4: در حال انجام | J4: تکمیل شده | N4: متوقف / شروع نشده
B5: =COUNTIF('ورود کارها'!L5:L54,"<>"&"") | F5: =COUNTIF('ورود کارها'!L5:L54,"در حال انجام") | J5: =COUNTIF('ورود کارها'!L5:L54,"تکمیل شده") | N5: =COUNTIF('ورود کارها'!L5:L54,"متوقف شده")+COUNTIF('ورود کارها'!L5:L54,"شروع نشده")
B8: توزیع وضعیت کارها | F8: تعداد کارها بر پرسنل
B9: وضعیت | C9: تعداد | F9: نام پرسنل | G9: کل کارها | H9: در حال انجام
B10: در حال انجام | C10: =COUNTIF('ورود کارها'!L5:L54,"در حال انجام") | F10: علی محمدی | G10: =COUNTIF('ورود کارها'!C5:C54,F10) | H10: =COUNTIFS('ورود کارها'!C5:C54,F10,'ورود کارها'!L5:L54,"در حال انجام")
B11: تکمیل شده | C11: =COUNTIF('ورود کارها'!L5:L54,"تکمیل شده") | F11: زهرا احمدی | G11: =COUNTIF('ورود کارها'!C5:C54,F11) | H11: =COUNTIFS('ورود کارها'!C5:C54,F11,'ورود کارها'!L5:L54,"در حال انجام")
B12: متوقف شده | C12: =COUNTIF('ورود کارها'!L5:L54,"متوقف شده") | F12: محمد رضایی | G12: =COUNTIF('ورود کارها'!C5:C54,F12) | H12: =COUNTIFS('ورود کارها'!C5:C54,F12,'ورود کارها'!L5:L54,"در حال انجام")
B13: شروع نشده | C13: =COUNTIF('ورود کارها'!L5:L54,"شروع نشده") | F13: فاطمه حسینی | G13: =COUNTIF('ورود کارها'!C5:C54,F13) | H13: =COUNTIFS('ورود کارها'!C5:C54,F13,'ورود کارها'!L5:L54,"در حال انجام")
F14: حسین کریمی | G14: =COUNTIF('ورود کارها'!C5:C54,F14) | H14: =COUNTIFS('ورود کارها'!C5:C54,F14,'ورود کارها'!L5:L54,"در حال انجام")
F15: مریم نوری | G15: =COUNTIF('ورود کارها'!C5:C54,F15) | H15: =COUNTIFS('ورود کارها'!C5:C54,F15,'ورود کارها'!L5:L54,"در حال انجام")
B32: کارهای در حال انجام بر پرسنل
B33: ردیف | C33: نام پرسنل | D33: عنوان کار | E33: دسته‌بندی | F33: اولویت | G33: تاریخ شروع | H33: تاریخ پایان | I33: مدت زمان | J33: درصد پیشرفت | K33: توضیحات
B34: ● علی محمدی
B35: 1 | C35: علی محمدی | D35: توسعه API کاربران | E35: توسعه نرم‌افزار | F35: بالا | G35: 45823 | H35: 45833 | I35: 248 | J35: 0.65 | K35: اتصال به دیتابیس و پیاده‌سازی CRUD
B36: ● زهرا احمدی
B37: 2 | C37: زهرا احمدی | D37: طراحی داشبورد ادمین | E37: طراحی UI/UX | F37: بالا | G37: 45824 | H37: 45836 | I37: 296 | J37: 0.5 | K37: طراحی وایرفریم و پروتوتایپ اولیه
B38: ● محمد رضایی
B39: 3 | C39: محمد رضایی | D39: کمپین تبلیغاتی تابستانه | E39: بازاریابی دیجیتال | F39: بالا | G39: 45826 | H39: 45843 | I39: 420 | J39: 0.3 | K39: طراحی بنر و محتوای شبکه‌های اجتماعی
B40: ● فاطمه حسینی
B41: 4 | C41: فاطمه حسینی | D41: پاسخگویی تیکت‌ها | E41: پشتیبانی مشتری | F41: متوسط | G41: 45829 | H41: 45835 | I41: 152 | J41: 0.7 | K41: باز کردن و پاسخ ۴۰ تیکت باز
B42: 5 | C42: فاطمه حسینی | D42: به‌روزرسانی مستندات | E42: پشتیبانی مشتری | F42: پایین | G42: 45827 | H42: 45834 | I42: 176 | J42: 0.4 | K42: توضیحات FAQ و راهنمای استفاده
B43: ● مریم نوری
B44: 6 | C44: مریم نوری | D44: تحلیل فروش ماهانه | E44: تحلیل داده | F44: بالا | G44: 45825 | H44: 45832 | I44: 176 | J44: 0.85 | K44: تهیه گزارش تحلیل فروش خرداد ۱۴۰۴
B45: 7 | C45: مریم نوری | D45: داشبورد تحلیل عملکرد | E45: تحلیل داده | F45: متوسط | G45: 45828 | H45: 45839 | I45: 272 | J45: 0.25 | K45: طراحی Power BI و اتصال منابع داده
